Naslov oglasa,Znamka,Kapaciteta (GB),Cena,Kraj,Datum objave
Iphone 13 pro max,Apple,,330.0,Ruše,09.08.2026
"HONOR 600 Pro 5G 12/512GB - *RABLJEN*, OBROKI, *BREZ VEZAVE*",Honor,512,555.0,Vojnik,09.08.2026
"Samsung Galaxy S26+ 12/256GB - *RABLJEN*, OBROKI, *BREZ VEZAVE*",Samsung,256,769.0,Vojnik,09.08.2026
*VROČA CENA*Samsung Galaxy S26  12/256GB - *NOVO* + GRATIS ETUI,Samsung,256,699.0,Vojnik,09.08.2026
*VROČA CENA*Samsung Galaxy A57 5G 8/256GB - *NOVO*OBROKI*,Samsung,256,424.0,Vojnik,09.08.2026
50Mpx pametni telefon 2x SIM 128GB NFC Android 13 IPS LIVE 11 črn,Drugo,128,229.99,Novo mesto,08.08.2026
Redmi note 12s  -2kom.,Xiaomi,,90.0,Slovenj Gradec,08.08.2026
"Prodam Samsung Galaxy S 25, 256 GB",Samsung,256,580.0,Ljubljana Vič Rudnik,08.08.2026
Samsung fold8 ultra  256GB,Samsung,256,1590.0,Rače,08.08.2026
Apple iPhone 16 Pro (256GB) – Desert Titanium Rabljen,Apple,256,889.5,Laško,08.08.2026
Apple iPhone 16 Pro (256GB) – Natural Titanium Rabljen,Apple,256,889.5,Laško,08.08.2026
Apple iPhone 16 Pro Max (256GB) – Natural Titanium Rabljen,Apple,256,879.0,Laško,08.08.2026
Apple iPhone 15 Pro (256GB) – Blue Titanium Rabljen,Apple,256,679.5,Laško,08.08.2026
Apple iPhone 15 Pro (256GB) – Black Titanium Rabljen,Apple,256,639.5,Laško,08.08.2026
Apple iPhone 16 (128GB) – Black Rabljen,Apple,128,599.5,Laško,08.08.2026
Apple iPhone 16 (128GB) – Ultramarine Rabljen,Apple,128,589.3,Laško,08.08.2026
Apple iPhone 15 Pro Max (256GB) – Natural Titanium Rabljen,Apple,256,699.5,Laško,08.08.2026
Apple iPhone 16 (128GB) – Pink Rabljen,Apple,128,629.5,Laško,08.08.2026
"iPhone 16e White 128 GB, NOV, ZAPAKIRAN",Apple,128,600.0,Trebnje,08.08.2026
Redmi Note 14 pro 5G,Xiaomi,,220.0,Ravne na Koroškem,12.08.2026
Prodam Apple iPhone,Apple,,1250.0,Črnomelj,12.08.2026
Iphone 13,Apple,,250.0,Ljubljana,12.08.2026
IPHONE 15 128GB PRODAM,Apple,128,390.0,Maribor,11.08.2026
Samsung Fold 5 512G 12G 1/2024,Samsung,,350.0,Radovljica,11.08.2026
Honor 9 Lite,Honor,,45.0,Ljubljana Center,11.08.2026
Iphone 17,Apple,,800.0,Slovenj Gradec,11.08.2026
Samsung Galaxy Z Fold 7 512gb,Samsung,512,950.0,Šempeter pri Gorici,11.08.2026
Honor 600 Pro pametni telefon (NOV),Honor,,684.0,Brezovica pri Ljubljani,11.08.2026
Honor 600 Lite pametni telefon (NOV),Honor,,320.0,Brezovica pri Ljubljani,11.08.2026
Honor 200 Pro pametni telefon (NOV),Honor,,386.0,Brezovica pri Ljubljani,11.08.2026
Oppo Find X9 Ultra pametni telefon (NOV),Oppo,,1327.0,Brezovica pri Ljubljani,11.08.2026
Vivo X300 FE pametni tečefon (NOV),Vivo,,824.0,Brezovica pri Ljubljani,11.08.2026
Realme 16 Pro pametni telefon (NOV),Realme,,243.0,Brezovica pri Ljubljani,11.08.2026
Realme 16 Pro Plus pametni tečefpn (NOV),Realme,,309.0,Brezovica pri Ljubljani,11.08.2026
Pametni telefon LG K22,Drugo,,45.0,Mengeš,11.08.2026
SAMSUNG G. A16 5G 256GB IZLOŽBENI MODEL,Samsung,256,149.0,Ivančna Gorica,11.08.2026
HONOR 200 SMART 5G 256GB IZLOŽBENI MODEL,Honor,256,107.0,Ivančna Gorica,11.08.2026
HONOR MAGIC6 LITE 5G 8/256GB IZLOŽBENI MODEL,Honor,256,129.0,Ivančna Gorica,11.08.2026
Nov Samsung Galaxy A14 5G 4/128 GB Možen nakup do 12 obrokov,Samsung,128,99.0,Ivančna Gorica,11.08.2026
"Samsung, Honor, Huawei, Realme",Samsung,,30.0,Ivančna Gorica,11.08.2026
Xiaomi Redmi Note 12 4G,Xiaomi,,75.0,Domžale,11.08.2026
Apple iPhone 15 (128GB) – Blue,Apple,128,549.8,Laško,11.08.2026
Apple iPhone 17 Pro Max 512GB – Cosmic Orange,Apple,512,1556.8,Laško,11.08.2026
Samsung Galaxy S26 Ultra 256GB – Sky Blue odprta embalaža,Samsung,256,919.5,Laško,11.08.2026
Xiaomi Redmi 17 5G Dual SIM 128GB 4GB RAM Črna,Xiaomi,128,207.0,Spletna ponudba,20.08.2026
Xiaomi Redmi 17 5G Dual SIM 128GB 4GB RAM Oranžna,Xiaomi,128,207.0,Spletna ponudba,20.08.2026
Xiaomi Redmi 17 5G Dual SIM 128GB 4GB RAM Modra,Xiaomi,128,207.0,Spletna ponudba,20.08.2026
Xiaomi Redmi 17 4G Dual SIM 128GB 4GB RAM Vijolična,Xiaomi,128,191.0,Spletna ponudba,20.08.2026
Xiaomi Redmi 17 4G Dual SIM 128GB 4GB RAM Modra,Xiaomi,128,191.0,Spletna ponudba,20.08.2026
Samsung Galaxy S26 Ultra 256GB White,Samsung,256,1000.0,Ljubljana Bežigrad,20.08.2026
Samsung Galaxy A36 5G 256GB Black,Samsung,256,296.0,Ljubljana Bežigrad,20.08.2026
Samsung Galaxy Z Fold 7 256GB Jetblack,Samsung,256,1386.0,Ljubljana Bežigrad,20.08.2026
Samsung Galaxy S26 256GB Black,Samsung,256,799.0,Ljubljana Bežigrad,20.08.2026
Apple iPhone 17 Pro Max 1TB Cosmic Orange,Apple,,1695.0,Ljubljana Bežigrad,20.08.2026
Apple iPhone 17 256GB Sage,Apple,256,886.0,Ljubljana Bežigrad,20.08.2026
Samsung Galaxy S26+ 256GB Black,Samsung,256,996.0,Ljubljana Bežigrad,20.08.2026
Samsung Galaxy S26 Ultra 512GB White,Samsung,512,1129.0,Ljubljana Bežigrad,20.08.2026
Samsung Galaxy S26 Ultra 256GB Black,Samsung,256,970.0,Ljubljana Bežigrad,20.08.2026
Samsung Galaxy S26 Ultra 512GB Cobalt Violet,Samsung,512,1196.0,Ljubljana Bežigrad,20.08.2026
Samsung Galaxy Z Fold 7 1TB Blue Shadow,Samsung,,1796.0,Ljubljana Bežigrad,20.08.2026
Samsung Galaxy S26 Ultra 512GB Skyblue,Samsung,512,1129.0,Ljubljana Bežigrad,20.08.2026
Apple iPhone 15 128GB Black,Apple,128,613.0,Ljubljana Bežigrad,20.08.2026
Samsung Galaxy Z Fold 7 256GB Silver Shadow,Samsung,256,1396.0,Ljubljana Bežigrad,20.08.2026
Apple iPhone 17 Air 256GB Space Black,Apple,256,856.0,Ljubljana Bežigrad,20.08.2026
Apple iPhone 17 256GB Lavender,Apple,256,897.0,Ljubljana Bežigrad,20.08.2026
Apple iPhone 17 512GB Blue,Apple,512,1028.0,Ljubljana Bežigrad,20.08.2026
Apple iPhone 17 256GB Black,Apple,256,878.0,Ljubljana Bežigrad,20.08.2026
Apple iPhone 17 Pro 1TB Cosmic Orange,Apple,,1598.0,Ljubljana Bežigrad,20.08.2026
Apple iPhone 17 256GB Blue,Apple,256,870.0,Ljubljana Bežigrad,20.08.2026
Samsung Galaxy Z Fold5 5G 256GB 12GB RAM Cream - brez prask + račun,Samsung,256,480.0,Maribor,21.08.2026
"Prodam Iphone 17 pro max 256Gb silver,Zapakiran!",Apple,256,1145.0,Turnišče,19.08.2026
Xiaomi 14 Ultra,Xiaomi,,400.0,Logatec,16.08.2026
XIAOMI REDMI NOTE 13 5G 8+256GB IZLOŽBENI MODEL,Xiaomi,256,129.0,Ivančna Gorica,05.08.2026
HONOR 200 5G 12/512GB IZLOŽBENI MODEL,Honor,512,149.0,Ivančna Gorica,05.08.2026
HONOR MAGIC5 LITE 5G 8/256GB IZLOŽBENI MODEL,Honor,256,99.0,Ivančna Gorica,18.07.2026
Iphone 12 pro 128gb KOT NOV,Apple,128,300.0,Ljubljana Bežigrad,22.08.2026
"iPhone 8, 256GB, črn",Apple,256,150.0,Sežana,22.08.2026
Samsung galaxy a53 5G,Samsung,,120.0,Kranj,22.08.2026
Iphone 11 pro green,Apple,,70.0,Ptuj,22.08.2026
"Xiaomi 13 Pro, 256 GB",Xiaomi,256,180.0,Kranj,22.08.2026
ZTE Nubia Z60 Ultra - Foto telefon!,Drugo,,300.0,Celje,22.08.2026
"Samsung FOLD 7 - star dobra dva meseca, brez znakov uporabe - moder",Samsung,,950.0,Ljubljana Vič Rudnik,22.08.2026
Samsung Galaxy S8,Samsung,,69.0,Ljubljana Center,22.08.2026
"iPhone 17 Pro 512Gb Silver - NOV, ZAPAKIRAN",Apple,512,1229.0,Slovenske Konjice,22.08.2026
Samsung Galaxy S26 Ultra 256Gb (White),Samsung,256,829.0,Slovenske Konjice,22.08.2026
iPhone 17 Pro Max 512Gb Silver - NOV,Apple,512,1249.0,Slovenske Konjice,22.08.2026
Samsung Galaxy S26 Ultra 256Gb (Black) - ZAPAKIRAN,Samsung,256,899.0,Slovenske Konjice,22.08.2026
iPhone 17 Pro Max 256Gb (Silver in Orange) - NOVO,Apple,256,1179.0,Slovenske Konjice,22.08.2026
Samsung Galaxy S26 Ultra 512Gb - KOT NOV,Samsung,512,929.0,Slovenske Konjice,22.08.2026
iPhone 17 Pro Max 512Gb (Silver in Blue) - NOVO,Apple,512,1299.0,Slovenske Konjice,22.08.2026
iPhone 14 Pro 256 GB Space Black + MagSafe ovitek + zaščitno steklo,Apple,256,360.0,Maribor,22.08.2026
Xiaomi Redmi Note 11s 5G lepo ohranjen + slušalke Bluetooth earbuds,Xiaomi,,60.0,Dobrova,22.08.2026
Samsung Galaxy S26 Ultra 256GB White,Samsung,256,1000.0,Ljubljana Bežigrad,22.08.2026
Samsung Galaxy Z Fold 7 256GB Jetblack,Samsung,256,1386.0,Ljubljana Bežigrad,22.08.2026
Samsung Galaxy S26 256GB Black,Samsung,256,799.0,Ljubljana Bežigrad,22.08.2026
Apple iPhone 17 Pro Max 1TB Cosmic Orange,Apple,,1695.0,Ljubljana Bežigrad,22.08.2026
Samsung Galaxy A36 5G 256GB Black,Samsung,256,296.0,Ljubljana Bežigrad,22.08.2026
Apple iPhone 17 256GB Sage,Apple,256,886.0,Ljubljana Bežigrad,22.08.2026
Samsung Galaxy S26+ 256GB Black,Samsung,256,996.0,Ljubljana Bežigrad,22.08.2026
Samsung Galaxy S25 512GB – Navy Rabljen,Samsung,512,599.8,Laško,20.08.2026
Apple iPhone 16 (128GB) – Pink Rabljen,Apple,128,689.5,Laško,20.08.2026
Samsung Galaxy A55 5G 128GB – Black Rabljen,Samsung,128,199.5,Laško,20.08.2026
Apple iPhone 16 Pro Max (256GB) - Black Titanium Rabljen,Apple,256,949.5,Laško,20.08.2026
Samsung Galaxy S25 256GB – Navy Rabljen,Samsung,256,529.4,Maribor,20.08.2026
Xiaomi Redmi Note 14 8/256GB – Midnight Black,Xiaomi,256,199.5,Laško,20.08.2026
Apple iPhone 17 (256GB) – Lavender,Apple,256,899.5,Maribor,20.08.2026
Apple iPhone 17 (256GB) – Black,Apple,256,864.64,Laško,20.08.2026
"Samsung Galaxy A25 6/128GB - *RABLJEN*, OBROKI, *BREZ VEZAVE*",Samsung,128,125.0,Vojnik,20.08.2026
Prodam nov original zapakiran Honor 600 Lite 5G 256gb,Honor,256,,Brežice,20.08.2026
S24 ultra 256gb titanium gray,Drugo,256,630.0,Gorje,20.08.2026
Samsung galaxy 05,Samsung,,69.0,Maribor,20.08.2026
IPHONE 17 PRO MAX / 256gb / 3 CIKLI,Apple,256,1200.0,Koper,20.08.2026
"APPLE iPhone 17 PRO 12/256GB - *NOVO*, OBROKI, *BREZ VEZAVE*",Apple,256,1269.0,Vojnik,20.08.2026
Samsung Galaxy S25 256GB – praktično nov + steklo + orig. polnilec,Samsung,256,650.0,Maribor,20.08.2026
Trg revolucije 1,Drugo,,280.0,Trbovlje,20.08.2026
Ljubljana,Drugo,,303.0,Ljubljana Moste Polje,20.08.2026
Xiaomi Redmi 17 5G Dual SIM 256GB 4GB RAM Črna,Xiaomi,256,233.0,Spletna ponudba,20.08.2026
Samsung Galaxy S26 Ultra S948 5G Dual Sim 256GB/12GB Pink Gold,Samsung,256,1049.99,Ljubljana Moste Polje,13.08.2026
"Samsung Galaxy A35 5G, 128GB",Samsung,128,150.0,Logatec,12.08.2026
"Apple iPhone 13, 128GB, dark blue, 100%",Apple,128,250.0,Štore,12.08.2026
Apple iPhone 11 64GB,Apple,64,70.0,Komenda,12.08.2026
"SAMSUNG pametni telefon Galaxy A05s 4GB/128GB,",Samsung,128,100.0,Kranj,12.08.2026
"ONEPLUS 12, 512GB / 16GB ram, ČRNE BARVE",OnePlus,512,350.0,Celje,12.08.2026
Apple iPhone 13 128 GB Starlight – brezhibno delovanje,Apple,128,215.0,Ljubljana Center,12.08.2026
Apple iPhone 16 (128GB) – Black,Apple,128,762.28,Laško,12.08.2026
Apple iPhone 14 Pro Max (128GB) – Gold Rabljen,Apple,128,469.5,Laško,12.08.2026
Apple iPhone 16 Pro (256GB) – Desert Titanium Rabljen,Apple,256,789.5,Laško,12.08.2026
Apple iPhone 15 Pro Max (256GB) – Black Titanium Rabljen,Apple,256,599.5,Laško,12.08.2026
Samsung Galaxy A57 5G 8/256GB – Awsome Icyblue,Samsung,256,469.5,Laško,12.08.2026
Samsung Galaxy A36 5G 8/256GB – Awsome White,Samsung,256,259.5,Laško,12.08.2026
Apple iPhone 16e (512GB) - Black Rabljen,Apple,512,749.6,Maribor,12.08.2026
"Google Pixel 10 Pro XL 512 GB Porcelain – NOV, ZAPAKIRAN",Google,512,1150.0,Vitanje,12.08.2026
Samsung Galaxy Fold 6 512GB,Samsung,512,650.0,Grosuplje,12.08.2026
Apple iPhone 17 (512GB) – Black,Apple,512,968.59,Laško,10.08.2026
samsung a12,Samsung,,60.0,Ljubljana Moste Polje,10.08.2026
Honor Magic7 Pro 5G 12/512 GB,Honor,512,620.0,Logatec,10.08.2026
iPhone 14 plus 512GB blue,Apple,512,450.0,Ljubljana Šiška,09.08.2026
"iPhone 14, 128GB, 100% battery health",Apple,128,320.0,Štore,09.08.2026
"iPhone 13 pro, 128GB, 100% battery health",Apple,128,320.0,Štore,09.08.2026
"iPhone 14 pro MAX, 100% battery health, 128GB",Apple,128,430.0,Štore,09.08.2026
Xiaomi redmi 5A,Xiaomi,,45.0,Celje,09.08.2026
Oneplus Nord 6 pametni telefon (NOV),OnePlus,,386.0,Brezovica pri Ljubljani,09.08.2026
iPhone 13 Black 128gB kot NOV,Apple,128,250.0,Maribor,09.08.2026
Oneplus Nord 5 pametni telefon (NOV),OnePlus,,312.0,Brezovica pri Ljubljani,09.08.2026
Oneplus 15 pametni telefon (NOV),OnePlus,,569.0,Brezovica pri Ljubljani,09.08.2026
Redmi Note 14 pametni telefon (NOV),Xiaomi,,135.0,Brezovica pri Ljubljani,09.08.2026
Poco F7 Ultra pametni telefon (NOV),Xiaomi,,486.0,Brezovica pri Ljubljani,09.08.2026
Poco C85 pametni telefon (NOV),Xiaomi,,88.0,Brezovica pri Ljubljani,09.08.2026
Poco M8 Pro pametni telefon (NOV),Xiaomi,,238.0,Brezovica pri Ljubljani,09.08.2026
Poco M8 pametni telefon (NOV),Xiaomi,,181.0,Brezovica pri Ljubljani,09.08.2026
Redmi note 15 Pro+ pametni telefon (NOV),Xiaomi,,309.0,Brezovica pri Ljubljani,09.08.2026
Samsung Galaxy S25  FE,Samsung,,490.0,Piran,09.08.2026
"Honor 600 Lite 5G 256GB (NOV, ZAPAKIRAN)",Honor,256,279.0,Ljubljana Center,09.08.2026
Google Pixel 9 Pro 128 GB,Google,128,550.0,Ptuj,09.08.2026
Samsung j4 plus 32gb,Samsung,32,69.0,Koper,18.08.2026
Samsung s24 ultra 256gb kot nov,Samsung,256,600.0,Koper,18.08.2026
Samsung a53 128gb,Samsung,128,180.0,Koper,18.08.2026
"OUKITEL WP32 robustni - delovni telefon Android 13, 12 GB + 128 GB",Drugo,128,190.0,Koper,18.08.2026
Samsung Galaxy A54 128GB,Samsung,128,190.0,Koper,18.08.2026
Iphone 13 pro max 128gb - 6mesečna garancija,Apple,128,590.0,Koper,18.08.2026
Samsung s23 ultra 256gb kot nov,Samsung,256,480.0,Koper,18.08.2026
Samsung Galaxy A03s - 6mesečna garancija,Samsung,,95.0,Koper,18.08.2026
"OUKITEL G3 robustni pametni telefon 6"" HD+ zaslon",Drugo,,200.0,Koper,18.08.2026
Iphone 11 64gb nova baterija garancija,Apple,64,200.0,Koper,18.08.2026
Samsung Galaxy A8 - 6mesečna garancija,Samsung,,115.0,Koper,18.08.2026
Iphone 14 pro 128gb - 6mesečna garancija,Apple,128,690.0,Koper,18.08.2026
Iphone 13 pro max 128gb 6-mesecna garancija,Apple,128,599.0,Koper,18.08.2026
Samsung Galaxy A40 64GB - 6mesečna garancija,Samsung,64,100.0,Koper,18.08.2026
Samsung s23 plus 256gb kot nov,Samsung,256,390.0,Koper,18.08.2026
Oukitel G1 256GB Robustni - delovni telefon 6.52-inch 10600mAh  48MP,Drugo,256,210.0,Koper,18.08.2026
Samsung s25 ultra 256gb v garanciji,Samsung,256,790.0,Koper,18.08.2026
"OUKITEL WP28S 4G robustni - delovni telefon 6,52"" zaslon",Drugo,,195.0,Koper,18.08.2026
"OUKITEL WP28E 4G robustni delovni telefon 6,52"" zaslon, 10.600 mAh",Drugo,,189.0,Koper,18.08.2026
OUKITEL G5 4G robustni - delovni telefon,Drugo,,205.0,Koper,18.08.2026
Samsung Galaxy A53 128GB,Samsung,128,170.0,Koper,18.08.2026
Iphone 13 mini 128gb 6 mesecna garancija,Apple,128,350.0,Koper,18.08.2026
"OUKITEL WP53 S 4G robustni - delovni telefon 6,52"" FHD+ zaslon",Drugo,,198.0,Koper,18.08.2026
Iphone 12 pro 128gb 6 mesecev garancije,Apple,128,360.0,Koper,18.08.2026
Samsung z flip 5 mint barva 512 gb,Samsung,512,150.0,Celje,21.08.2026
"Apple iPhone 13, 128GB, ROSE, 86% battery health",Apple,128,250.0,Štore,21.08.2026
Samsung S906 S22 Plus 256GB/8GB Dual SIM White,Samsung,256,249.99,Ljubljana Moste Polje,21.08.2026
Samsung Galaxy S26 Ultra 256GB White,Samsung,256,1000.0,Ljubljana Bežigrad,21.08.2026
Samsung Galaxy S26 256GB Black,Samsung,256,799.0,Ljubljana Bežigrad,21.08.2026
Samsung Galaxy A36 5G 256GB Black,Samsung,256,296.0,Ljubljana Bežigrad,21.08.2026
Samsung Galaxy Z Fold 7 256GB Jetblack,Samsung,256,1386.0,Ljubljana Bežigrad,21.08.2026
Apple iPhone 17 Pro Max 1TB Cosmic Orange,Apple,,1695.0,Ljubljana Bežigrad,21.08.2026
Apple iPhone 17 256GB Sage,Apple,256,886.0,Ljubljana Bežigrad,21.08.2026
Samsung Galaxy S26+ 256GB Black,Samsung,256,996.0,Ljubljana Bežigrad,21.08.2026
Samsung Galaxy S26 Ultra 256GB Black,Samsung,256,1000.0,Ljubljana Bežigrad,21.08.2026
Samsung Galaxy S26 Ultra 512GB Cobalt Violet,Samsung,512,1196.0,Ljubljana Bežigrad,21.08.2026
Samsung Galaxy S26 Ultra 512GB Skyblue,Samsung,512,1129.0,Ljubljana Bežigrad,21.08.2026
Samsung Galaxy S26 Ultra 512GB White,Samsung,512,1129.0,Ljubljana Bežigrad,21.08.2026
Samsung Galaxy Z Fold 7 1TB Blue Shadow,Samsung,,1796.0,Ljubljana Bežigrad,21.08.2026
Apple iPhone 15 128GB Black,Apple,128,613.0,Ljubljana Bežigrad,21.08.2026
Samsung Galaxy Z Fold 7 256GB Silver Shadow,Samsung,256,1396.0,Ljubljana Bežigrad,21.08.2026
Apple iPhone 17 256GB Black,Apple,256,878.0,Ljubljana Bežigrad,21.08.2026
Apple iPhone 17 256GB Blue,Apple,256,870.0,Ljubljana Bežigrad,21.08.2026
Apple iPhone 17 Air 256GB Space Black,Apple,256,856.0,Ljubljana Bežigrad,21.08.2026
Apple iPhone 17 512GB Blue,Apple,512,1028.0,Ljubljana Bežigrad,21.08.2026
Apple iPhone 17 256GB Lavender,Apple,256,897.0,Ljubljana Bežigrad,21.08.2026
Apple iPhone 17 Pro 1TB Cosmic Orange,Apple,,1598.0,Ljubljana Bežigrad,21.08.2026
Apple iPhone 17 Pro 256GB Cosmic Orange,Apple,256,1167.0,Ljubljana Bežigrad,21.08.2026
Apple iPhone 17 Pro 1TB Deep Blue,Apple,,1598.0,Ljubljana Bežigrad,21.08.2026
Samsung Galaxy S22 256GB kot nov,Samsung,256,210.0,Brezovica pri Ljubljani,17.08.2026
"SAMSUNG A52S ZELO MALO RABLJEN,KOT NOV Z VSEMI DODATKI",Samsung,,150.0,Kozina,17.08.2026
"SAMSUNG GALAXY Z FOLD 6, 512GB",Samsung,512,699.0,Koper,17.08.2026
GOOGLE PIXEL 8,Google,,340.0,Koper,17.08.2026
Iphone 16 plus,Apple,,500.0,Koper,17.08.2026
Iphone 14 pro MAX 128 Gb Odlično ohranjen,Apple,128,300.0,Muta,17.08.2026
Samsung Galaxy A26 5G,Samsung,,180.0,Ljubljana Moste Polje,17.08.2026
Xiaomi Poco X5 Pro 5G,Xiaomi,,150.0,Ljubljana Bežigrad,17.08.2026
LG G6,Drugo,,28.0,Ljubljana Center,17.08.2026
"Samsung Galaxy Z Flip7,512GB,moder,kot nov,garancija,račun,ugodno!",Samsung,512,749.0,Ljubljana,17.08.2026
iPhone 6 Silver 16 GB,Apple,16,50.0,Ljubljana Bežigrad,17.08.2026
iPhone 8 Plus Silver 64 GB,Apple,64,80.0,Ljubljana Bežigrad,17.08.2026
Samsung Galaxy S23 prodam,Samsung,,250.0,Kranj,17.08.2026
Samsung Galaxy S24 + 256GB,Samsung,256,375.0,Ljubljana Bežigrad,16.08.2026
"Samsung GALAXY Z Flip4,   Xiaomi Redmi 14C,   Huawei P20",Samsung,,,Ljubljana Šiška,16.08.2026
Samsung Galaxy S25 Ultra (512 GB) – rabljen 1 leto + zavarovanje!,Samsung,512,,Duplek,18.08.2026
Apple iPhone 17 Pro 12GB/1TB Silver,Apple,12,1649.9,Ljubljana Bežigrad,18.08.2026
Samsung Galaxy A57 5G 8GB/128GB Dual SIM Awesome Navy,Samsung,128,349.9,Ljubljana Bežigrad,18.08.2026
OnePlus Nord CE6 5G Dual SIM 256GB/8GB Blue,OnePlus,256,399.99,Ljubljana Moste Polje,18.08.2026
OnePlus Nord CE6 5G Dual SIM 256GB/8GB Pitch Black,OnePlus,256,399.99,Ljubljana Moste Polje,18.08.2026
Prodam Samsung galaxy z flip 5,Samsung,,397.0,Ljubljana Center,17.08.2026
Honor 90 5 G - pametni telefon,Honor,,190.0,Nazarje,17.08.2026
Realme 7 - pametni telefon,Realme,,70.0,Nazarje,17.08.2026
Iphone 16 pro max 256gb 91% bh,Apple,256,859.0,Tržič,17.08.2026
Iphone 15 pro 128 GB,Apple,128,420.0,Maribor,17.08.2026
Apple iPhone 16 Pro Max (256GB),Apple,256,800.0,Ljubljana Moste Polje,17.08.2026
Apple iPhone 17 Pro 512GB Deep Blue,Apple,512,1332.0,Ljubljana Bežigrad,21.08.2026
Apple iPhone 17 Pro 256GB Deep Blue,Apple,256,1177.0,Ljubljana Bežigrad,21.08.2026
Apple iPhone 17 Pro Max 256gb Cosmic Orange,Apple,256,1218.0,Ljubljana Bežigrad,21.08.2026
Apple iPhone 17 Pro Max 512GB Cosmic Orange,Apple,512,1397.0,Ljubljana Bežigrad,21.08.2026
Apple iPhone 17 Pro Max 1TB Deep Blue,Apple,,1648.0,Ljubljana Bežigrad,21.08.2026
Apple iPhone 17 Pro Max 256GB Deep Blue,Apple,256,1209.0,Ljubljana Bežigrad,21.08.2026
Apple iPhone 17 Pro Max 256GB Silver,Apple,256,1269.0,Ljubljana Bežigrad,21.08.2026
Apple iPhone 17 Pro 256GB Silver,Apple,256,1188.0,Ljubljana Bežigrad,21.08.2026
Apple iPhone 17 Pro Max 1TB Silver,Apple,,1568.0,Ljubljana Bežigrad,21.08.2026
Apple iPhone 17 256GB White,Apple,256,888.0,Ljubljana Bežigrad,21.08.2026
Apple iPhone 17 Pro 512GB Silver,Apple,512,1359.0,Ljubljana Bežigrad,21.08.2026
Apple iPhone 17 512GB White,Apple,512,1028.0,Ljubljana Bežigrad,21.08.2026
Apple iPhone 16 128GB Black,Apple,128,700.0,Ljubljana Bežigrad,21.08.2026
Apple iPhone 17 Air 512GB Space Black,Apple,512,1186.0,Ljubljana Bežigrad,21.08.2026
Apple iPhone 17 Pro 512GB Cosmic Orange,Apple,512,1432.5,Ljubljana Bežigrad,21.08.2026
Apple iPhone 17 Pro Max 512GB Deep Blue,Apple,512,1397.0,Ljubljana Bežigrad,21.08.2026
Samsung Galaxy S26 512GB Black,Samsung,512,878.1,Ljubljana Bežigrad,21.08.2026
Apple iPhone 12 64GB Black,Apple,64,427.0,Ljubljana Bežigrad,21.08.2026
Apple iPhone 12 Pro Max 512GB Pacific Blue,Apple,512,739.0,Ljubljana Bežigrad,21.08.2026
Apple iPhone 16E 128GB Black,Apple,128,571.2,Ljubljana Bežigrad,21.08.2026
Apple iPhone 16 128gb White,Apple,128,759.3,Ljubljana Bežigrad,21.08.2026
Samsung Galaxy A56 5G 256GB Graphite,Samsung,256,373.2,Ljubljana Bežigrad,21.08.2026
Samsung Galaxy A57 256GB 5G Awesome Icyblue,Samsung,256,492.0,Ljubljana Bežigrad,21.08.2026
Samsung Galaxy Z Fold 7 256GB Blue Shadow,Samsung,256,1397.0,Ljubljana Bežigrad,21.08.2026
Samsung Galaxy Z Flip 4 256GB Blue,Samsung,256,492.0,Ljubljana Bežigrad,21.08.2026
HONOR Magic 7 Lite 5G 8/512 GB – Titanium Black,Honor,512,299.6,Maribor,19.08.2026
Samsung Galaxy S24 Ultra 512GB – Titanium Gray Rabljen,Samsung,512,739.2,Maribor,19.08.2026
Apple iPhone 16 Pro (128GB) - Natural Titanium Rabljen,Apple,128,839.8,Maribor,19.08.2026
Samsung Galaxy S25 Ultra 512 GB - Titanium Whitesilver Rabljen,Samsung,512,999.8,Maribor,19.08.2026
Samsung Galaxy S25 Ultra 256 GB - Titanium Black,Samsung,256,979.28,Maribor,19.08.2026
Samsung Galaxy S25 Ultra 512 GB - Titanium Black,Samsung,512,1086.2,Maribor,19.08.2026
Xiaomi Pocophone F1 | 64 GB |,Xiaomi,64,60.0,Celje,19.08.2026
Iphone 12 Pro Max 256 GB,Apple,256,210.0,Ljubljana Moste Polje,19.08.2026
"Samsung Galaxy A16 5G (Odlično ohranjen, kot nov)",Samsung,,100.0,Ljubljana Center,19.08.2026
Xiaomi redmi note pro 15 4G 256gb TITANIUM,Xiaomi,256,220.0,Celje,19.08.2026
Servo r18 pro - NOV,Drugo,,40.0,Celje,19.08.2026
LG Nexus 5X,Drugo,,40.0,Celje,19.08.2026
Iphone XR 64GB - NOV,Apple,64,100.0,Celje,19.08.2026
CAT S60 - NOV - termovizijska kamera,Drugo,,250.0,Celje,19.08.2026
Apple iPhone 17 Pro Max 256GB - Silver,Apple,256,1159.0,Ljubljana Center,19.08.2026
Samsung a37 6gb 128gb,Samsung,128,205.0,Postojna,19.08.2026
Oneplus 12 R,OnePlus,,380.0,Hajdina,19.08.2026
google pixel 9a,Google,,349.0,Maribor,19.08.2026
Xiaomi Redmi 17 4G Dual SIM 256GB 4GB RAM Modra,Xiaomi,256,206.0,Spletna ponudba,19.08.2026
Xiaomi Redmi 17 4G Dual SIM 256GB 4GB RAM Zelena,Xiaomi,256,206.0,Spletna ponudba,19.08.2026
Xiaomi Redmi 17 4G Dual SIM 256GB 4GB RAM Vijolična,Xiaomi,256,206.0,Spletna ponudba,19.08.2026
Samsung Galaxy Z Fold8 ULTRA Graphite 256/12 GB NOVO | MOŽNE MENJAVE,Samsung,12,1499.99,Domžale,18.08.2026
Iphone 13 128gb 6 mesecna garancija,Apple,128,350.0,Koper,18.08.2026
Samsung s24 256gb v garanciji,Samsung,256,480.0,Koper,18.08.2026
Xiaomi 17T Pro 512GB Black,Xiaomi,512,797.0,Ljubljana Bežigrad,22.08.2026
Samsung Galaxy S26 Ultra 256GB Sky Blue,Samsung,256,1000.0,Ljubljana Bežigrad,22.08.2026
Samsung Galaxy S26 256GB Cobalt Violet,Samsung,256,797.0,Ljubljana Bežigrad,22.08.2026
Xiaomi 17 Ultra 512GB 16GB Black,Xiaomi,512,1098.0,Ljubljana Bežigrad,22.08.2026
Samsung Galaxy A37 5G 256GB Awesome Charcoal,Samsung,256,379.0,Ljubljana Bežigrad,22.08.2026
Samsung Galaxy Z Flip 7 256GB Black,Samsung,256,897.0,Ljubljana Bežigrad,22.08.2026
Samsung Galaxy A57 256GB 5G Awesome Gray,Samsung,256,447.0,Ljubljana Bežigrad,22.08.2026
Samsung Galaxy A37 5G 256GB Awesome White,Samsung,256,379.0,Ljubljana Bežigrad,22.08.2026
Apple iPhone 16E 128GB White,Apple,128,617.0,Ljubljana Bežigrad,22.08.2026
Apple iPhone 17 512GB Black,Apple,512,1080.0,Ljubljana Bežigrad,22.08.2026
Samsung Galaxy A36 5G 256GB White,Samsung,256,296.0,Ljubljana Bežigrad,22.08.2026
Samsung Galaxy S26 256GB Bel,Samsung,256,799.0,Ljubljana Bežigrad,22.08.2026
Samsung Galaxy S26+ 512GB White,Samsung,512,947.0,Ljubljana Bežigrad,22.08.2026
Samsung Galaxy S25 Ultra 256GB Titanium Black,Samsung,256,890.0,Ljubljana Bežigrad,22.08.2026
Apple iPhone 17 Air 256GB Cloud White,Apple,256,854.0,Ljubljana Bežigrad,22.08.2026
Samsung Galaxy S25 FE 5G 128GB Jet Black,Samsung,128,499.0,Ljubljana Bežigrad,22.08.2026
Samsung Galaxy S25 Ultra 512GB Titanium Black,Samsung,512,990.0,Ljubljana Bežigrad,22.08.2026
Samsung Galaxy S26+ 512GB Sky Blue,Samsung,512,949.0,Ljubljana Bežigrad,22.08.2026
Samsung Galaxy A71 Duos Srebrn,Samsung,,143.0,Škocjan,21.08.2026
Samsung G. Z FLIP 3 5G 128GB CREAM F711,Samsung,128,230.0,Ljubljana,21.08.2026
XIAOMI 17 ULTRA,Xiaomi,,900.0,Grosuplje,21.08.2026
HONOR 400 5G 8GB/256GB,Honor,256,220.0,Hajdina,21.08.2026
Apple iPhone 17 Air in iPhone 17 Pro NOV 512GB Silver,Apple,512,660.0,Ljubljana Center,21.08.2026
Huawei Mate 20 Pro,Huawei,,55.0,Ljubljana Šiška,21.08.2026
PRODAM Apple iPhone 15 Pro 256 GB White Titanium,Apple,256,550.0,Ljubljana Bežigrad,21.08.2026
Apple iPhone 16e (256GB) - Black,Apple,256,699.88,Maribor,19.08.2026
Apple iPhone 17 (256GB) – White,Apple,256,880.0,Laško,19.08.2026
Apple iPhone 16 (128GB) – Black Rabljen,Apple,128,599.5,Laško,19.08.2026
Samsung Galaxy A26 5G 8/256GB – Black,Samsung,256,239.5,Laško,19.08.2026
Apple iPhone 17 Pro 256GB - Silver Aktiviran,Apple,256,1179.5,Laško,19.08.2026
Samsung Galaxy S26 256GB – Sky Blue,Samsung,256,715.0,Laško,19.08.2026
Samsung Galaxy S25 Ultra 256 GB – Titanium Gray Rabljen,Samsung,256,789.5,Laško,19.08.2026
Xiaomi 15T 5G 512GB/12GB – Black,Xiaomi,512,499.88,Laško,19.08.2026
Apple iPhone 17 (256GB) – Lavender,Apple,256,899.5,Laško,19.08.2026
Samsung Galaxy A36 5G 8/256GB – Awsome Black,Samsung,256,259.5,Laško,19.08.2026
Samsung Galaxy S25 Ultra 256 GB – Titanium Black Rabljen,Samsung,256,869.5,Laško,19.08.2026
Samsung Galaxy S25 256GB – Icyblue,Samsung,256,699.4,Laško,19.08.2026
Apple iPhone 16e (128GB) – White Aktiviran,Apple,128,499.5,Laško,19.08.2026
Samsung Galaxy Z Fold7 5G 256GB - Silvershadow Rabljen,Samsung,256,1069.5,Laško,19.08.2026
Samsung Galaxy S25 256GB – BlueBlack,Samsung,256,699.4,Laško,19.08.2026
Apple iPhone 15 (256GB) – Black Rabljen,Apple,256,499.5,Laško,19.08.2026
Apple iPhone 15 (128GB) – Black Rabljen,Apple,128,519.2,Laško,19.08.2026
Apple iPhone 14 Pro Max (128GB) – Deep Purple Rabljen,Apple,128,549.8,Laško,19.08.2026
Apple iPhone 15 (128GB) – Black,Apple,128,659.6,Laško,19.08.2026
Apple iPhone 14 Pro Max (128GB) – Gold Rabljen,Apple,128,539.0,Laško,19.08.2026
Samsung Galaxy A36 5G 8/256GB – Awsome White,Samsung,256,289.5,Laško,19.08.2026
Samsung Galaxy Z Fold7 5G 512GB – Jet Black Rabljen,Samsung,512,1099.5,Laško,19.08.2026
Samsung Galaxy S25 256GB – Navy,Samsung,256,699.4,Maribor,19.08.2026
Apple iPhone 17 Pro Max 256GB – Cosmic Orange,Apple,256,1328.28,Laško,19.08.2026
Apple iPhone 17 Pro 256GB - Deep Blue,Apple,256,1229.0,Laško,19.08.2026
"APPLE iPhone 17 PRO 12/512 GB - *NOVO*, OBROKI, *BREZ VEZAVE*",Apple,512,1395.0,Vojnik,16.08.2026
"IPHONE 17 PRO, ORANGE, 256GB (NOV, ŠE NEUPORABLJEN)",Apple,256,1100.0,Maribor,15.08.2026
"IPHONE 17 PRO MAX ORANGE 1TB (NOV, TOVARNIŠKO ZAPAKIRAN)",Apple,,1550.0,Maribor,15.08.2026
Xiaomi Redmi Note 14 Pro Plus 5G Dual SIM 512GB 12GB RAM,Xiaomi,512,250.0,Dobrepolje,15.08.2026
Samsung A16 128GB + zaščitni ovitek,Samsung,128,100.0,Celje,15.08.2026
Samsung Galaxy S26 Plus + (vecja verzija) NOV nerabljen,Samsung,,750.0,Velenje,15.08.2026
iPhone 17 pro max 256gb NOV (100% battery health/garancija),Apple,256,1149.0,Maribor,15.08.2026
Samsung Galax S23 ULTRA,Samsung,,400.0,Železniki,15.08.2026
Mobilni telefon Samsung S24 Ultra 5G 1TB rom 16GB ram,Samsung,16,169.0,Postojna,15.08.2026
Samsung Galaxy Z Fold 8 512 GB NOV zapakiran,Samsung,512,1570.0,Vojnik,15.08.2026
Prodam še zapakiran Samsung Galaxy A27 5G black,Samsung,,200.0,Maribor,15.08.2026
OnePlus Nord CE6 5G Dual SIM 256GB 8GB RAM Črna,OnePlus,256,370.0,Spletna ponudba,15.08.2026
OnePlus Nord CE6 5G Dual SIM 256GB 8GB RAM Modra,OnePlus,256,370.0,Spletna ponudba,15.08.2026
Samsung A80 128gb,Samsung,128,130.0,Postojna,14.08.2026
Oppo Find X9 Ultra 12/512 Global,Oppo,,1250.0,Ljubljana Moste Polje,14.08.2026
Samsung Galaxy Z Fold4 - UGODNO,Samsung,,190.0,Celje,14.08.2026
IPHONE 12 PRO 128GB,Apple,128,180.0,Ljubljana Moste Polje,14.08.2026
SAMSUNG S21 / ROZA BARVE / 128 GB,Samsung,128,150.0,Koper,14.08.2026
Iphone 15 pro (128 GB),Apple,128,530.0,Ptuj,14.08.2026
Samsung Galaxy Z Fold 7 512GB Jetblack,Samsung,512,1547.0,Ljubljana Bežigrad,21.08.2026
Apple iPhone 17 Pro Max 512GB Silver,Apple,512,1397.0,Ljubljana Bežigrad,21.08.2026
Xiaomi 11T 8GB/128GB Meteorite Gray,Xiaomi,128,277.0,Ljubljana Bežigrad,21.08.2026
Samsung Galaxy S26+ 512GB Black,Samsung,512,1047.0,Ljubljana Bežigrad,21.08.2026
Apple iPhone 17 Pro 1TB Silver,Apple,,1547.0,Ljubljana Bežigrad,21.08.2026
Samsung Galaxy S26 Ultra 256GB Cobalt Violet,Samsung,256,1047.0,Ljubljana Bežigrad,21.08.2026
Samsung Galaxy S26 Ultra 512GB Black,Samsung,512,1147.0,Ljubljana Bežigrad,21.08.2026
Samsung Galaxy A57 256GB 5G Awesome Navy,Samsung,256,427.0,Ljubljana Bežigrad,21.08.2026
Samsung Galaxy A57 512GB 12GB 5G Awesome Navy,Samsung,512,577.0,Ljubljana Bežigrad,21.08.2026
Samsung Galaxy S26 256GB Sky Blue,Samsung,256,787.0,Ljubljana Bežigrad,21.08.2026
Xiaomi 17T Pro 512GB Black,Xiaomi,512,797.0,Ljubljana Bežigrad,21.08.2026
Samsung Galaxy S26 256GB Cobalt Violet,Samsung,256,797.0,Ljubljana Bežigrad,21.08.2026
Samsung Galaxy S26 Ultra 256GB Sky Blue,Samsung,256,1000.0,Ljubljana Bežigrad,21.08.2026
Xiaomi 17 Ultra 512GB 16GB Black,Xiaomi,512,1098.0,Ljubljana Bežigrad,21.08.2026
Samsung Galaxy Z Flip 7 256GB Black,Samsung,256,897.0,Ljubljana Bežigrad,21.08.2026
Samsung Galaxy A37 5G 256GB Awesome Charcoal,Samsung,256,379.0,Ljubljana Bežigrad,21.08.2026
Samsung Galaxy A37 5G 256GB Awesome White,Samsung,256,379.0,Ljubljana Bežigrad,21.08.2026
Samsung Galaxy A57 256GB 5G Awesome Gray,Samsung,256,447.0,Ljubljana Bežigrad,21.08.2026
Apple iPhone 16E 128GB White,Apple,128,617.0,Ljubljana Bežigrad,21.08.2026
Samsung Galaxy S26 256GB Bel,Samsung,256,799.0,Ljubljana Bežigrad,21.08.2026
Apple iPhone 17 512GB Black,Apple,512,1028.0,Ljubljana Bežigrad,21.08.2026
Samsung Galaxy A36 5G 256GB White,Samsung,256,296.0,Ljubljana Bežigrad,21.08.2026
Samsung Galaxy S26+ 512GB White,Samsung,512,947.0,Ljubljana Bežigrad,21.08.2026
Samsung Galaxy S26+ 512GB Sky Blue,Samsung,512,949.0,Ljubljana Bežigrad,21.08.2026
Apple iPhone 17 Air 256GB Cloud White,Apple,256,854.0,Ljubljana Bežigrad,21.08.2026
Apple iPhone 17 (256GB) – Mist Blue Rabljen,Apple,256,779.5,Laško,06.08.2026
Samsung Galaxy Z Fold7 5G 512GB – Silvershadow,Samsung,512,1598.8,Laško,06.08.2026
Apple iPhone 16 Pro (128GB) – White Titanium Rabljen,Apple,128,719.5,Laško,06.08.2026
Apple iPhone 17 (256GB) – Mist Blue,Apple,256,922.4,Maribor,06.08.2026
Xiaomi 14 Ultra 5G Dual SIM 512GB 16GB RAM – Black Rabljen,Xiaomi,512,549.5,Maribor,06.08.2026
Apple iPhone 16 Pro (128GB) – Desert Titanium Rabljen,Apple,128,869.3,Maribor,06.08.2026
Apple iPhone 15 Pro Max (256GB) – Blue Titanium Rabljen,Apple,256,659.6,Maribor,06.08.2026
Apple iPhone 17 Pro 512GB – Cosmic Orange,Apple,512,1479.79,Laško,06.08.2026
Apple iPhone 15 (128GB) – Black Rabljen,Apple,128,489.5,Maribor,06.08.2026
Apple iPhone 17 Pro 512GB – Silver,Apple,512,1487.88,Laško,06.08.2026
Apple iPhone 16 (128GB) - Black,Apple,128,737.7,Maribor,06.08.2026
Apple iPhone 17 Air (256GB) – Sky blue,Apple,256,1148.32,Maribor,06.08.2026
Samsung Galaxy S23+ 5G 256GB - Lavender Rabljen,Samsung,256,299.5,Maribor,06.08.2026
Apple iPhone 16 Pro (128GB) - Black Titanium Rabljen,Apple,128,859.4,Maribor,06.08.2026
Apple iPhone 17 Pro 256GB – Silver,Apple,256,1249.5,Laško,06.08.2026
Samsung Galaxy A56 5G 8/256GB - Awsome Lightgray,Samsung,256,369.5,Maribor,06.08.2026
Samsung Galaxy S25 Ultra 512 GB – Titanium Black Odprta Embalaža,Samsung,512,1049.3,Maribor,06.08.2026
Xiaomi Redmi 15 5G 8/256GB - Black,Xiaomi,256,119.5,Laško,06.08.2026
Nokia 5.4,Nokia,,45.0,Ljubljana Bežigrad,06.08.2026
Iphone 16 128gb nov,Apple,128,690.0,Koper,18.08.2026
HONOR 600 PRO,Honor,,580.0,Koper,18.08.2026
Samsung,Samsung,,1690.0,Kranj,18.08.2026
"Apple Iphone 17 Pro 256 GB,pametni telefon",Apple,256,799.99,Ljubljana Center,18.08.2026
PRODAJA iPHONE 15; 128GB,Apple,128,400.0,Lenart v Slovenskih goricah,18.08.2026
"Samsung Galaxy Z Fold6 12/512GB - *RABLJEN*, OBROKI, *BREZ VEZAVE*",Samsung,512,649.0,Vojnik,18.08.2026
Apple iPhone 17 Pro 256GB – Cosmic Orange Odprta Embalaža,Apple,256,1199.0,Laško,18.08.2026
Apple iPhone 16 Pro Max (256GB) - Black Titanium Rabljen,Apple,256,949.5,Laško,18.08.2026
Apple iPhone 16 Pro Max (256GB) – Desert Titanium RABLJEN,Apple,256,919.5,Laško,18.08.2026
Apple iPhone 16 Pro Max (256GB) – Black Titanium,Apple,256,1099.5,Laško,18.08.2026
Samsung Galaxy S24 Ultra (S928) 512 GB – Rumena Rabljen,Samsung,512,659.5,Laško,18.08.2026
Samsung Galaxy S26 512GB – Black,Samsung,512,999.5,Laško,18.08.2026
Xiaomi Redmi Note 15 Pro + 12/512GB – Mocha Brown,Xiaomi,512,429.5,Laško,18.08.2026
Apple iPhone 16 (128GB) – Black Rabljen,Apple,128,599.5,Laško,18.08.2026
Apple iPhone 17 (512GB) – Sage,Apple,512,989.5,Laško,18.08.2026
Apple iPhone 14 (128GB) – Purple RABLJEN,Apple,128,349.5,Laško,18.08.2026
Apple iPhone 17 Pro 512GB – Silver Rabljen,Apple,512,1199.5,Laško,18.08.2026
Apple iPhone 15 (128GB) – Black Rabljen,Apple,128,439.3,Laško,18.08.2026
Apple iPhone 15 Pro (128GB) – Black Titanium Rabljen,Apple,128,549.5,Laško,18.08.2026
Honor 400 5G 8/512GB – Midnight Black,Honor,512,299.5,Laško,18.08.2026
Samsung Galaxy S25 256GB – Icyblue,Samsung,256,699.4,Laško,18.08.2026
Tcl 405 32gb novo,Drugo,32,100.0,Koper,18.08.2026
Iphone 14 128gb 6 mesecna garancija,Apple,128,499.0,Koper,18.08.2026
Iphone 13 256gb 6 mesecna garancija,Apple,256,450.0,Koper,18.08.2026
Iphone 15 pro 128gb  6-mesecna garancija,Apple,128,790.0,Koper,18.08.2026
Samsung s22 256gb 6 mesecna garancija,Samsung,256,250.0,Koper,18.08.2026
Samsung a13 128gb 6 mesecna garancija,Samsung,128,99.0,Koper,18.08.2026
Iphone 12 64gb nova baterija garancija,Apple,64,300.0,Koper,18.08.2026
Samsung Galaxy A52s 128GB,Samsung,128,160.0,Koper,18.08.2026
Samsung a23 5g 128gb,Samsung,128,110.0,Koper,18.08.2026
OUKITEL WP55 S 4G Robustni - delovni telefon 6.6'' FHD+ 11000mAh 64MP,Drugo,,250.0,Koper,18.08.2026
Dobro ohranjen Apple iPhone 12 Pro 256GB,Apple,256,250.0,Ljubljana,18.08.2026
"IPHONE 17 PRO, DEEP BLUE, 256GB (NOV, TOVARNIŠKO ZAPAKIRAN)",Apple,256,1100.0,Maribor,18.08.2026
"Pametni telefon Samsung Galaxy S24, 256Gb",Samsung,256,399.99,Kranj,18.08.2026
Iphone 14 pro 256gb 6 mesecna garancija + nova baterija,Apple,256,690.0,Koper,18.08.2026
Iphone 14 pro max 256gb deep purple 6 mesecna garancija,Apple,256,700.0,Koper,18.08.2026
Iphone 15 pro max 256gb odlicen,Apple,256,850.0,Koper,18.08.2026
Iphone 15 128gb 6 mesecna garancija,Apple,128,590.0,Koper,18.08.2026
Iphone 14 256gb odlicno ohranjen 6 mesecna garancija,Apple,256,499.0,Koper,18.08.2026
iPhone 14 128GB,Apple,128,450.0,Koper,18.08.2026
iPhone 13 128GB,Apple,128,400.0,Koper,18.08.2026
iPhone 12 256GB,Apple,256,350.0,Koper,18.08.2026
iPhone 13 Pro 256GB,Apple,256,530.0,Koper,18.08.2026
iPhone 14 Pro 256GB,Apple,256,550.0,Koper,18.08.2026
Iphone 16 pro 128gb pika na ekranu*,Apple,128,599.0,Koper,18.08.2026
Samsung a5,Samsung,,20.0,Postojna,06.08.2026
Samsung Galaxy S26 Ultra 512GB – White,Samsung,512,1220.9,Maribor,06.08.2026
Samsung Galaxy S25 Ultra 256 GB – Titanium Black,Samsung,256,899.5,Maribor,06.08.2026
Apple iPhone 17 Pro 256GB – Cosmic Orange,Apple,256,1199.0,Laško,06.08.2026
Apple iPhone 16 Pro Max (256GB) – Desert Titanium Aktiviran,Apple,256,919.5,Maribor,06.08.2026
Apple iPhone 17 (512GB) – Mist Blue,Apple,512,989.5,Laško,06.08.2026
Samsung Galaxy S24 Ultra 512GB – Titanium Gray Rabljen,Samsung,512,699.5,Laško,06.08.2026
Apple iPhone 13 (128GB) – Pink,Apple,128,339.9,Laško,06.08.2026
Samsung Galaxy Z Flip7 5G 256GB- Coral Red Rabljen,Samsung,256,649.5,Laško,06.08.2026
Apple iPhone 16 Pro Max (256GB) – Desert Titanium RABLJEN,Apple,256,879.5,Laško,06.08.2026
Apple iPhone 15 Pro Max (256GB) – Natural Titanium Rabljen,Apple,256,649.0,Laško,06.08.2026
Samsung Galaxy S25 256GB – Icyblue RABLJEN,Samsung,256,599.2,Laško,06.08.2026
Xiaomi Redmi 15C 5G 256GB – Black Rabljen,Xiaomi,256,89.5,Laško,06.08.2026
Apple iPhone 15 Pro Max (256GB) – Black Titanium Rabljen,Apple,256,649.5,Laško,06.08.2026
Apple iPhone 13 Pro Max 128GB – Silver RABLJEN,Apple,128,399.5,Laško,06.08.2026
Apple iPhone 16 Pro Max (512GB) – Desert Titanium RABLJEN,Apple,512,949.5,Laško,06.08.2026
Apple iPhone 14 (128GB) – Starlight Rabljen,Apple,128,379.5,Laško,06.08.2026
Samsung Galaxy S25 Ultra 256 GB – Titanium Black Odprta embalaža,Samsung,256,879.5,Laško,06.08.2026
Samsung Galaxy S25 Ultra 256GB Titanium Black,Samsung,256,890.0,Ljubljana Bežigrad,21.08.2026
Samsung Galaxy S25 FE 5G 128GB Jet Black,Samsung,128,499.0,Ljubljana Bežigrad,21.08.2026
Samsung Galaxy S25 Ultra 512GB Titanium Black,Samsung,512,990.0,Ljubljana Bežigrad,21.08.2026
Oneplus 15,OnePlus,,600.0,Ljubljana Moste Polje,20.08.2026
Xperia xa 16gb,Drugo,16,35.0,Postojna,20.08.2026
iPhone 8 64GB Gold *bh: 100%,Apple,64,110.0,Ljubljana Šiška,20.08.2026
Samsung Galaxy XCover 5 – odlično ohranjen + ovitek + zaščitno steklo,Samsung,,99.0,Radovljica,20.08.2026
Samsung S22 ultra,Samsung,,250.0,Ruše,20.08.2026
Apple iPhone 13 pro max,Apple,,360.0,Trzin,20.08.2026
Xiaomi Redmi 10,Xiaomi,,45.0,Ljubljana Center,20.08.2026
Samsung Galaxy J7,Samsung,,36.0,Ljubljana Center,20.08.2026
"Xiaomi 14 Pro 16/512Gb,pametni telefon",Xiaomi,512,299.99,Ljubljana Center,20.08.2026
Iphone 16 pro Battery Health  91%,Apple,,620.0,Maribor,20.08.2026
Xiaomi Redmi 15C,Xiaomi,,110.0,Straža,20.08.2026
"Iphone Xs - 64 GB, NOVA BATERIJA",Apple,64,80.0,Trebnje,20.08.2026
iPhone 16 256gb ODLIČNO ohranjen (90% battery health),Apple,256,549.0,Maribor,20.08.2026
Apple iPhone 16 (128GB) – White Rabljen,Apple,128,549.5,Laško,20.08.2026
Apple iPhone 17 (256GB) – Mist Blue Odprta Embalaža,Apple,256,899.5,Laško,20.08.2026
Samsung Galaxy S22 + 5G (S901) 256GB – Fantomsko črna Rabljen,Samsung,256,199.0,Laško,20.08.2026
Apple iPhone 15 Pro (128GB) – White Titanium Rabljen,Apple,128,549.0,Laško,20.08.2026
Apple iPhone 17 Pro 256GB – Deep Blue Odprta Embalaža,Apple,256,1179.8,Laško,20.08.2026
Samsung xcover 5 64gb,Samsung,64,75.0,Postojna,16.08.2026
"Samsung Galaxy S26 Ultra 12/256GB - *NOVO*, OBROKI, *BREZ VEZAVE*",Samsung,256,1025.0,Vojnik,16.08.2026
"Samsung Galaxy Z Fold8  12/512 GB - *NOVO*, OBROKI, *BREZ VEZAVE*",Samsung,512,1845.0,Vojnik,16.08.2026
"APPLE iPhone 17 PRO MAX 12/256GB - *NOVO*, OBROKI, *BREZ VEZAVE*",Apple,256,1275.0,Vojnik,16.08.2026
"Samsung Galaxy A57 8/256 GB - *NOVO*, OBROKI, *BREZ VEZAVE*",Samsung,256,424.0,Vojnik,16.08.2026
Mobitel Redmi Note 15 Pro 5G,Xiaomi,,410.0,Lendava,16.08.2026
Samsung S23 plus,Samsung,,280.0,Ruše,16.08.2026
Lg G6 32gb,Drugo,32,50.0,Postojna,16.08.2026
Doro liberto 825,Drugo,,75.0,Postojna,16.08.2026
Google pixel 9 pro,Google,,700.0,Mengeš,16.08.2026
iPhone SE 2022 bel,Apple,,,Novo mesto,16.08.2026
Iphon  14/128  črnbz zašit.stekom in ovitek 5% pop. dijake in štud.,Drugo,,245.0,Laško,16.08.2026
I PHONE 13 PRO MAX 128gb,Drugo,128,320.0,Kranj,16.08.2026
Google Pixel 7a,Google,,160.0,Hoče,16.08.2026
Iphone 16 pro max 512GB,Apple,512,550.0,Nova Gorica,16.08.2026
"Samsung Galaxy Xcover 7 6/128 GB - *NOVO*, OBROKI, *BREZ VEZAVE*",Samsung,128,255.0,Vojnik,16.08.2026
Apple Iphone 13 Pro Max 128gb kot nov,Apple,128,330.0,Ljubljana Šiška,19.08.2026
Apple iPhone 12 Mini 64Gb + Spigen ovitek,Apple,64,155.0,Miklavž na Dravskem polju,19.08.2026
iPhone 11,Apple,,120.0,Maribor,19.08.2026
Iphone 13,Apple,,180.0,Murska Sobota,19.08.2026
Samsung Galaxy S10,Samsung,,90.0,Sv. Trojica v Slovenskih goricah,19.08.2026
GOOGLE PIXEL 10 pro xl 512gb (KOT NOV),Google,512,849.99,Vrhnika,19.08.2026
Iphone 12 mini 64GM moder,Apple,,170.0,Domžale,19.08.2026
Samsung Galaxy S24,Samsung,,390.0,Celje,19.08.2026
"iPhone 14, 256 GB, črn",Apple,256,325.0,Celje,19.08.2026
"Samsung Galaxy S26+ 12/256GB - *RABLJEN*, OBROKI, *BREZ VEZAVE*",Samsung,256,749.0,Vojnik,19.08.2026
Samsung Galaxy S24 Ultra 256GB – Titanium Gray Rabljen,Samsung,256,549.5,Laško,19.08.2026
Apple iPhone 16 (128GB) – Pink Rabljen,Apple,128,619.5,Laško,19.08.2026
Apple iPhone 16 (128GB) – White Rabljen,Apple,128,649.5,Laško,19.08.2026
Apple iPhone 17 Air (256GB) - Cloud white,Apple,256,797.5,Laško,19.08.2026
Samsung Galaxy S25 Ultra 256 GB - Titanium Gray,Samsung,256,986.9,Laško,19.08.2026
Apple iPhone 17 Pro Max 256GB – Silver,Apple,256,1349.5,Laško,19.08.2026
Samsung Galaxy Z Fold7 5G 512GB – JetBlack RABLJEN,Samsung,512,1099.5,Laško,19.08.2026
Samsung Galaxy S23 Ultra 5G (S918) 256GB – Black Rabljen,Samsung,256,419.3,Laško,19.08.2026
Xiaomi 17 Ultra 16GB RAM 512GB ROM – Black Aktiviran,Xiaomi,512,1149.5,Laško,19.08.2026
Samsung Galaxy S25+ 256GB – Mint Rabljen,Samsung,256,649.5,Laško,19.08.2026
Samsung Galaxy S8,Samsung,,69.0,Ljubljana Center,21.08.2026
"SAMSUNG A72 128 GB MALO RABLJEN,KOT NOV BREZ PRASKE Z VSEMI DODATKI",Samsung,128,160.0,Postojna,21.08.2026
IPHONE 15 PRO / 256GB,Apple,256,650.0,Koper,21.08.2026
IPHONE 17 PRO MAX 512 GB / NOVO,Apple,512,1350.0,Koper,21.08.2026
Samsung A54 5g (odlično ohranjen),Samsung,,190.0,Kranj,21.08.2026
Samsung S21+,Samsung,,220.0,Kranj,21.08.2026
Samsung Galaxy S23 Ultra 512GB,Samsung,512,410.0,Ljubljana Šiška,21.08.2026
Samsung Galaxy S26+ (črn) 12/256GB nov zapakiran!,Samsung,256,750.0,Radovljica,21.08.2026
iPhone 14 Pro 256GB,Apple,256,52.0,Koper,21.08.2026
Apple iPhone 11 Pro 256 GB – Space Gray,Apple,256,159.0,Grosuplje,21.08.2026
Samsung Galaxy S24 256GB,Samsung,256,450.0,Koper,21.08.2026
iPhone 12 128GB,Apple,128,250.0,Koper,21.08.2026
Samsung Galaxy Ultra S26 1tb bel NOV,Samsung,,1799.0,Bled,21.08.2026
Xiaomi Mi10T/Mi10/Redmi Note7,Xiaomi,,,Ljubljana Moste Polje,21.08.2026
Samsung Galaxy A57 5G 8/256GB – Awsome Navy,Samsung,256,469.5,Laško,13.08.2026
Samsung Galaxy A57 5G 8/256GB – Awsome Gray,Samsung,256,469.5,Laško,13.08.2026
Apple iPhone 17 Pro Max 256GB – Cosmic Orange,Apple,256,1328.28,Laško,13.08.2026
Xiaomi Redmi Note 14 Pro 5G 8/256GB – Midnight Black,Xiaomi,256,249.2,Laško,13.08.2026
Samsung Galaxy S25 Ultra 256 GB – Titanium Black Rabljen,Samsung,256,719.5,Laško,13.08.2026
Samsung Galaxy S26+ 512GB – Sky Blue,Samsung,512,897.97,Laško,13.08.2026
Samsung Galaxy S24 Ultra (S928) 256GB – Črn Rabljen,Samsung,256,649.6,Laško,13.08.2026
Apple iPhone 13 (128GB) – Midnight Rabljen,Apple,128,269.5,Laško,13.08.2026
Honor 200 Lite 8/256GB Midnight Black – RABLJEN,Honor,256,149.3,Laško,13.08.2026
Apple iPhone 16 (128GB) – Black Rabljen,Apple,128,599.5,Laško,13.08.2026
Iphone 15,Apple,,,Ljubljana,13.08.2026
Samsung Galaxy S25 Ultra 512 GB – Titanium Silverblue RABLJEN,Samsung,512,899.5,Laško,13.08.2026
Samsung Galaxy S24 Ultra 512GB – Titanium Gray Rabljen,Samsung,512,679.5,Laško,13.08.2026
Apple iPhone 16 Pro (256GB) – White Titanium Rabljen,Apple,256,799.5,Laško,13.08.2026
Apple iPhone 17 Pro 256GB – Deep Blue Odprta embalaža,Apple,256,1149.5,Laško,13.08.2026
Samsung Galaxy S25 FE 128GB – Jetblack,Samsung,128,489.5,Laško,13.08.2026
Samsung Galaxy S25 FE 256GB – Navy,Samsung,256,569.6,Laško,13.08.2026
Samsung Galaxy S26 256GB – Black,Samsung,256,684.0,Laško,13.08.2026
Samsung Galaxy S26 512GB – Black,Samsung,512,999.5,Laško,13.08.2026
Samsung Galaxy S25 256GB – Silver Shadow RABLJEN,Samsung,256,569.5,Laško,13.08.2026
Apple iPhone 15 Pro Max (256GB) – White Titanium RABLJEN,Apple,256,649.5,Laško,13.08.2026
Apple iPhone 15 (128GB) – Black Rabljen,Apple,128,569.28,Maribor,13.08.2026
Samsung Galaxy A56 5G 8/256GB – Awsome Graphite Rabljen,Samsung,256,289.5,Laško,07.08.2026
Samsung Galaxy S24 Ultra (S928) 256GB – Črn Rabljen,Samsung,256,579.5,Laško,07.08.2026
Samsung Galaxy S25 Ultra 512 GB – Titanium Silverblue RABLJEN,Samsung,512,799.5,Laško,07.08.2026
Apple iPhone 13 Mini (128GB) – Blue Rabljen,Apple,128,259.2,Laško,07.08.2026
Samsung Galaxy S25 Edge 256GB – Titanium silver Aktiviran,Samsung,256,549.0,Laško,07.08.2026
Apple iPhone 15 Pro (128GB) – Natural Titanium Rabljen,Apple,128,579.5,Laško,07.08.2026
Xiaomi 15T 5G 512GB/12GB – Black Rabljen,Xiaomi,512,459.88,Laško,07.08.2026
Apple iPhone 17 Pro 256GB – Deep Blue Rabljen,Apple,256,1059.5,Laško,07.08.2026
Samsung Galaxy A37 5G 6/128GB – Awesome Lavender,Samsung,128,269.99,Laško,07.08.2026
Samsung Galaxy A37 5G 6/128GB – Awsome Graygreen,Samsung,128,269.99,Laško,07.08.2026
Samsung Galaxy A57 5G 8/128GB – Awsome Lilac,Samsung,128,349.5,Laško,07.08.2026
Samsung Galaxy A57 5G 8/128GB – Awsome Navy,Samsung,128,484.5,Laško,07.08.2026
Apple iPhone 17 Pro Max 1TB – Deep Blue,Apple,,1619.0,Laško,07.08.2026
Apple iPhone 17 (256GB) – Lavender Rabljen,Apple,256,799.0,Laško,07.08.2026
Apple iPhone 17 (256GB) – Black,Apple,256,829.5,Laško,07.08.2026
Honor Magic 8 Pro 12/512 GB – Sunrise Gold,Honor,512,989.5,Laško,07.08.2026
Apple iPhone 16 Pro Max (256GB) – Black Titanium Rabljen,Apple,256,849.5,Laško,07.08.2026
Apple iPhone 17 Pro Max 256GB – Deep Blue,Apple,256,1294.0,Laško,07.08.2026
Apple iPhone 16 (128GB) – Pink Rabljen,Apple,128,599.0,Laško,07.08.2026
Apple iPhone 17 Pro Max 512GB – Cosmic Orange,Apple,512,1556.8,Laško,07.08.2026
Apple iPhone 16 Pro Max (512GB) – White Titanium Rabljen,Apple,512,899.0,Laško,07.08.2026
Apple iPhone 11 Pro 64Gb,Apple,64,100.0,Vrhnika,07.08.2026
Samsung galaxy s26 ultra,Samsung,,1100.0,Ljubljana Bežigrad,07.08.2026
Samsung Galaxy S26+ 256GB – Black,Samsung,256,779.8,Laško,10.08.2026
Apple iPhone 14 Pro (128GB) – Silver Rabljen,Apple,128,499.5,Laško,10.08.2026
Apple iPhone 15 Pro Max (256GB) – Natural Titanium Rabljen,Apple,256,649.0,Laško,10.08.2026
Apple iPhone 17 Pro Max 512GB – Silver,Apple,512,1487.87,Laško,10.08.2026
Iphone 13,Apple,,,Celje,10.08.2026
Apple iPhone 12 pro,Apple,,234.0,Kamnik,10.08.2026
XIAOMI NOTE 14 PRO / 256GB,Xiaomi,256,200.0,Koper,10.08.2026
Apple iPhone 16 (128GB) – Ultramarine Rabljen,Apple,128,619.3,Laško,10.08.2026
Apple iPhone 15 Pro Max (512GB) – Black Titanium Rabljen,Apple,512,689.5,Laško,10.08.2026
Apple iPhone 14 Pro (256GB) – Silver Rabljen,Apple,256,469.1,Laško,10.08.2026
Samsung Galaxy A37 5G 8/256GB – Awsome Graygreen,Samsung,256,358.58,Laško,10.08.2026
Samsung Galaxy S24 Ultra (S928) 256GB – Črn Rabljen,Samsung,256,599.5,Laško,10.08.2026
Apple iPhone 14 Pro Max (128GB) – Deep Purple Rabljen,Apple,128,389.5,Laško,10.08.2026
Poco X7 Pro pametni telefon - NOV,Xiaomi,,265.0,Brezovica pri Ljubljani,10.08.2026
Apple iPhone 17 (512GB) – White,Apple,512,1069.5,Laško,10.08.2026
Samsung Galaxy S26 Ultra 256GB – Black,Samsung,256,949.8,Laško,10.08.2026
Samsung Galaxy S26 Ultra 256GB – White,Samsung,256,959.9,Laško,10.08.2026
Samsung Galaxy S26 Ultra 512GB – Cobalt Violet,Samsung,512,1239.5,Laško,10.08.2026
Apple iPhone 16 Pro (1TB) – Natural Titanium Rabljen,Apple,,929.6,Laško,10.08.2026
Apple iPhone 16 Pro (128GB) – White Titanium Rabljen,Apple,128,799.5,Laško,10.08.2026
Apple iPhone 17 Pro Max 512GB – Cosmic Orange,Apple,512,1556.8,Laško,10.08.2026
Xiaomi Redmi Note 14 8/256GB – Midnight Black,Xiaomi,256,199.5,Laško,10.08.2026
Apple iPhone 17 Pro 1TB – Deep Blue,Apple,,1728.28,Laško,10.08.2026
Apple iPhone 17 Pro 512GB – Deep Blue,Apple,512,1458.89,Laško,10.08.2026
Samsung Galaxy Z Flip 4 256GB Blue,Samsung,256,492.0,Ljubljana Bežigrad,20.08.2026
Samsung Galaxy Z Fold 7 256GB Blue Shadow,Samsung,256,1397.0,Ljubljana Bežigrad,20.08.2026
Samsung Galaxy Z Fold 7 512GB Jetblack,Samsung,512,1547.0,Ljubljana Bežigrad,20.08.2026
Apple iPhone 17 Pro Max 512GB Silver,Apple,512,1398.0,Ljubljana Bežigrad,20.08.2026
Xiaomi 11T 8GB/128GB Meteorite Gray,Xiaomi,128,277.0,Ljubljana Bežigrad,20.08.2026
Samsung Galaxy S26+ 512GB Black,Samsung,512,1047.0,Ljubljana Bežigrad,20.08.2026
Apple iPhone 17 Pro 1TB Silver,Apple,,1547.0,Ljubljana Bežigrad,20.08.2026
Samsung Galaxy S26 Ultra 256GB Cobalt Violet,Samsung,256,1047.0,Ljubljana Bežigrad,20.08.2026
Samsung Galaxy A57 256GB 5G Awesome Navy,Samsung,256,427.0,Ljubljana Bežigrad,20.08.2026
Samsung Galaxy S26 Ultra 512GB Black,Samsung,512,1147.0,Ljubljana Bežigrad,20.08.2026
Samsung Galaxy A57 512GB 12GB 5G Awesome Navy,Samsung,512,577.0,Ljubljana Bežigrad,20.08.2026
Samsung Galaxy S26 256GB Sky Blue,Samsung,256,787.0,Ljubljana Bežigrad,20.08.2026
Xiaomi 17T Pro 512GB Black,Xiaomi,512,797.0,Ljubljana Bežigrad,20.08.2026
Samsung Galaxy S26 256GB Cobalt Violet,Samsung,256,797.0,Ljubljana Bežigrad,20.08.2026
Samsung Galaxy S26 Ultra 256GB Sky Blue,Samsung,256,1000.0,Ljubljana Bežigrad,20.08.2026
Xiaomi 17 Ultra 512GB 16GB Black,Xiaomi,512,1098.0,Ljubljana Bežigrad,20.08.2026
Samsung Galaxy Z Flip 7 256GB Black,Samsung,256,897.0,Ljubljana Bežigrad,20.08.2026
Samsung Galaxy A57 256GB 5G Awesome Gray,Samsung,256,447.0,Ljubljana Bežigrad,20.08.2026
Apple iPhone 17 512GB Black,Apple,512,1028.0,Ljubljana Bežigrad,20.08.2026
Samsung Galaxy S26+ 512GB Sky Blue,Samsung,512,949.0,Ljubljana Bežigrad,20.08.2026
samsung galaxy z fold5,Samsung,,499.0,Sodražica,20.08.2026
Prodam Iphone 15 128 gb,Apple,128,469.0,Cerkno,19.08.2026
iPhone 12 pro,Apple,,200.0,Koper,19.08.2026
Apple iPhone 17 Pro 256GB Cosmic Orange,Apple,256,1208.0,Ljubljana Bežigrad,20.08.2026
Apple iPhone 17 Pro 256GB Deep Blue,Apple,256,1399.0,Ljubljana Bežigrad,20.08.2026
Apple iPhone 17 Pro 1TB Deep Blue,Apple,,1598.0,Ljubljana Bežigrad,20.08.2026
Apple iPhone 17 Pro 512GB Deep Blue,Apple,512,1380.0,Ljubljana Bežigrad,20.08.2026
Apple iPhone 17 Pro Max 256GB Deep Blue,Apple,256,1220.0,Ljubljana Bežigrad,20.08.2026
Apple iPhone 17 Pro Max 1TB Deep Blue,Apple,,1648.0,Ljubljana Bežigrad,20.08.2026
Apple iPhone 17 Pro Max 512GB Cosmic Orange,Apple,512,1398.0,Ljubljana Bežigrad,20.08.2026
Apple iPhone 17 Pro Max 256gb Cosmic Orange,Apple,256,1280.0,Ljubljana Bežigrad,20.08.2026
Apple iPhone 17 Pro Max 256GB Silver,Apple,256,1280.0,Ljubljana Bežigrad,20.08.2026
Apple iPhone 17 Pro 256GB Silver,Apple,256,1220.0,Ljubljana Bežigrad,20.08.2026
Apple iPhone 17 Pro Max 1TB Silver,Apple,,1568.0,Ljubljana Bežigrad,20.08.2026
Apple iPhone 17 Pro 512GB Silver,Apple,512,1390.0,Ljubljana Bežigrad,20.08.2026
Apple iPhone 17 512GB White,Apple,512,1028.0,Ljubljana Bežigrad,20.08.2026
Apple iPhone 17 256GB White,Apple,256,888.0,Ljubljana Bežigrad,20.08.2026
Apple iPhone 16 128GB Black,Apple,128,700.0,Ljubljana Bežigrad,20.08.2026
Apple iPhone 17 Air 512GB Space Black,Apple,512,1186.0,Ljubljana Bežigrad,20.08.2026
Samsung Galaxy S26 512GB Black,Samsung,512,878.1,Ljubljana Bežigrad,20.08.2026
Apple iPhone 17 Pro Max 512GB Deep Blue,Apple,512,1398.0,Ljubljana Bežigrad,20.08.2026
Apple iPhone 17 Pro 512GB Cosmic Orange,Apple,512,1432.5,Ljubljana Bežigrad,20.08.2026
Apple iPhone 12 64GB Black,Apple,64,427.0,Ljubljana Bežigrad,20.08.2026
Apple iPhone 12 Pro Max 512GB Pacific Blue,Apple,512,739.0,Ljubljana Bežigrad,20.08.2026
Apple iPhone 16E 128GB Black,Apple,128,571.2,Ljubljana Bežigrad,20.08.2026
Apple iPhone 16 128gb White,Apple,128,759.3,Ljubljana Bežigrad,20.08.2026
Samsung Galaxy A56 5G 256GB Graphite,Samsung,256,373.2,Ljubljana Bežigrad,20.08.2026
Samsung Galaxy A57 256GB 5G Awesome Icyblue,Samsung,256,492.0,Ljubljana Bežigrad,20.08.2026
Apple iPhone 17 256GB White,Apple,256,888.0,Ljubljana Bežigrad,22.08.2026
Apple iPhone 17 512GB White,Apple,512,1028.0,Ljubljana Bežigrad,22.08.2026
Apple iPhone 16 128GB Black,Apple,128,700.0,Ljubljana Bežigrad,22.08.2026
Apple iPhone 17 Air 512GB Space Black,Apple,512,1186.0,Ljubljana Bežigrad,22.08.2026
Apple iPhone 17 Pro 512GB Cosmic Orange,Apple,512,1432.5,Ljubljana Bežigrad,22.08.2026
Apple iPhone 17 Pro Max 512GB Deep Blue,Apple,512,1397.0,Ljubljana Bežigrad,22.08.2026
Samsung Galaxy S26 512GB Black,Samsung,512,878.1,Ljubljana Bežigrad,22.08.2026
Apple iPhone 12 64GB Black,Apple,64,427.0,Ljubljana Bežigrad,22.08.2026
Apple iPhone 16E 128GB Black,Apple,128,571.2,Ljubljana Bežigrad,22.08.2026
Apple iPhone 12 Pro Max 512GB Pacific Blue,Apple,512,739.0,Ljubljana Bežigrad,22.08.2026
Apple iPhone 16 128gb White,Apple,128,759.3,Ljubljana Bežigrad,22.08.2026
Samsung Galaxy Z Flip 4 256GB Blue,Samsung,256,492.0,Ljubljana Bežigrad,22.08.2026
Samsung Galaxy A56 5G 256GB Graphite,Samsung,256,373.2,Ljubljana Bežigrad,22.08.2026
Samsung Galaxy A57 256GB 5G Awesome Icyblue,Samsung,256,492.0,Ljubljana Bežigrad,22.08.2026
Samsung Galaxy Z Fold 7 256GB Blue Shadow,Samsung,256,1397.0,Ljubljana Bežigrad,22.08.2026
Xiaomi 11T 8GB/128GB Meteorite Gray,Xiaomi,128,277.0,Ljubljana Bežigrad,22.08.2026
Samsung Galaxy Z Fold 7 512GB Jetblack,Samsung,512,1547.0,Ljubljana Bežigrad,22.08.2026
Apple iPhone 17 Pro 1TB Silver,Apple,,1547.0,Ljubljana Bežigrad,22.08.2026
Samsung Galaxy S26 Ultra 512GB Black,Samsung,512,1147.0,Ljubljana Bežigrad,22.08.2026
Samsung Galaxy S26+ 512GB Black,Samsung,512,1047.0,Ljubljana Bežigrad,22.08.2026
Apple iPhone 17 Pro Max 512GB Silver,Apple,512,1397.0,Ljubljana Bežigrad,22.08.2026
Samsung Galaxy S26 Ultra 256GB Cobalt Violet,Samsung,256,1047.0,Ljubljana Bežigrad,22.08.2026
Samsung Galaxy A57 512GB 12GB 5G Awesome Navy,Samsung,512,577.0,Ljubljana Bežigrad,22.08.2026
Samsung Galaxy A57 256GB 5G Awesome Navy,Samsung,256,427.0,Ljubljana Bežigrad,22.08.2026
Samsung Galaxy S26 256GB Sky Blue,Samsung,256,787.0,Ljubljana Bežigrad,22.08.2026
Samsung Galaxy S26 Ultra 512GB – Black,Samsung,512,1239.5,Laško,11.08.2026
Apple iPhone 17 (512GB) – Black Aktiviran,Apple,512,899.5,Laško,11.08.2026
Apple iPhone 15 Pro Max (256GB) – White Titanium RABLJEN,Apple,256,649.5,Laško,11.08.2026
Apple iphone 11,Apple,,120.0,Slovenj Gradec,11.08.2026
prodam iPhone 13 128 GB,Apple,128,180.0,Slovenska Bistrica,10.08.2026
Iphone 14 plus,Apple,,270.0,Mozirje,10.08.2026
Samsung Galaxy S26 256GB – Violet,Samsung,256,715.0,Laško,10.08.2026
Samsung Galaxy S26 256GB – White,Samsung,256,715.0,Laško,10.08.2026
Samsung Galaxy S25 Ultra 256 GB – Titanium Black Rabljen,Samsung,256,769.5,Laško,10.08.2026
Samsung Galaxy S25 FE 128GB - Jetblack Rabljen,Samsung,128,449.5,Laško,10.08.2026
Samsung Galaxy S25 Ultra 512GB – Titanium Black Rabljen,Samsung,512,969.5,Laško,10.08.2026
Samsung Galaxy Z Fold7 5G 256GB – JetBlack,Samsung,256,1398.8,Laško,10.08.2026
Apple iPhone 16 Pro Max (256GB) – Natural Titanium Rabljen,Apple,256,849.0,Laško,10.08.2026
Samsung Galaxy S24 Ultra (S928) 256 GB – Vijolična Rabljen,Samsung,256,599.5,Laško,10.08.2026
Samsung Galaxy S25 Ultra 512 GB - Titanium Black Rabljen,Samsung,512,938.87,Maribor,10.08.2026
Apple iPhone 15 (128GB) – Black Rabljen,Apple,128,519.2,Maribor,10.08.2026
Samsung Galaxy S26+ 512GB – Black,Samsung,512,895.0,Laško,10.08.2026
Apple iPhone 12 (128GB) – Red,Apple,128,189.0,Laško,10.08.2026
Samsung Galaxy S26 256GB – Sky Blue Rabljen,Samsung,256,749.5,Laško,10.08.2026
iPhone 13 Pro Max 1TB (1024GB) - KOT NOV,Apple,1024,449.0,Maribor,08.08.2026
Pametni telefon SAMSUNG GALAXY S26+ 12/256GB (SM-S947B/DS),Samsung,256,860.0,Vrhnika,08.08.2026
13Mpx pametni telefon 2x SIM 64GB Android 13 FLOW 11 črn,Drugo,64,139.99,Novo mesto,08.08.2026
Xiaomi Redmi 17 4G Dual SIM 256GB 4GB RAM Črna,Xiaomi,256,206.0,Spletna ponudba,08.08.2026
16Mpx pametni telefon 2x SIM 64GB NFC Android 10 DRIVE 9 črn,Drugo,64,189.99,Novo mesto,07.08.2026
Pametni telefon OnePlus 15,OnePlus,,700.0,Idrija,07.08.2026
Nov Samsung Galaxy A27 5G,Samsung,,220.0,Kranj,07.08.2026
Redmi Note 15 Pro pametni telefon (NOV),Xiaomi,,212.0,Brezovica pri Ljubljani,07.08.2026
Redmi Note 15 pametni telefon (NOV),Xiaomi,,145.0,Brezovica pri Ljubljani,07.08.2026
Poco X8 Pro pametni telefon (NOV),Xiaomi,,265.0,Brezovica pri Ljubljani,07.08.2026
Poco X8 Pro Max pametni telefon (NOV),Xiaomi,,398.0,Brezovica pri Ljubljani,07.08.2026
Poco F8 Ultra pametni telefon (NOV),Xiaomi,,634.0,Brezovica pri Ljubljani,07.08.2026
Poco F8 Pro pametni telefon (NOV),Xiaomi,,411.0,Brezovica pri Ljubljani,07.08.2026
Xiaomi 17 Ultra pametni telefon (NOV),Xiaomi,,1047.0,Brezovica pri Ljubljani,07.08.2026
Xiaomi 17 pametni telefon (NOV),Xiaomi,,783.0,Brezovica pri Ljubljani,07.08.2026
Xiaomi 17T Pro pametni telefon (NOV),Xiaomi,,642.0,Brezovica pri Ljubljani,07.08.2026
Xiaomi 17T pametni telefon (NOV),Xiaomi,,502.0,Brezovica pri Ljubljani,07.08.2026
Potrebujete gotovino? Prodajte nam svoj novi telefon - 041444091,Drugo,,,Maribor,07.08.2026
Samsung galaxy A5 2017,Samsung,,50.0,Vrhnika,14.08.2026
"Pametni telefon Apple iPhone 14, 128GB",Apple,128,299.99,Kranj,14.08.2026
"Samsung Galaxy S24 8/256GB - *RABLJEN*, OBROKI, *BREZ VEZAVE*",Samsung,256,419.0,Vojnik,14.08.2026
"APPLE iPhone 17 PRO 12/512 GB - *NOVO*, OBROKI, *BREZ VEZAVE*",Apple,512,1395.0,Vojnik,14.08.2026
Samsung a25,Samsung,,90.0,Renče,14.08.2026
Blackview Fort 1 4GB/128GB Oranžen,Drugo,128,110.0,Straža,14.08.2026
"Samsung Galaxy Xcover 7 PRO 6/128 GB - *NOVO*, OBROKI, *BREZ VEZAVE*",Samsung,128,449.0,Vojnik,14.08.2026
Samsung Galaxy A27 5G (A276) 128GB/6GB Dual SIM Blue,Samsung,128,269.99,Ljubljana Moste Polje,14.08.2026
Xiaomi 17T 5G Dual SIM 512GB/12GB Blue,Xiaomi,512,599.99,Ljubljana Moste Polje,14.08.2026
Apple iPhone 16 Plus 512GB Ultramarine,Apple,512,1029.99,Ljubljana Moste Polje,14.08.2026
Samsung Galaxy A27 5G (A276) 128GB/6GB Dual SIM Pink,Samsung,128,269.99,Ljubljana Moste Polje,14.08.2026
Apple iPhone 16 Plus 512GB White,Apple,512,1029.99,Ljubljana Moste Polje,14.08.2026
Samsung Galaxy A27 5G (A276) 128GB/6GB Dual SIM Black,Samsung,128,219.99,Ljubljana Moste Polje,14.08.2026
Apple iphone 13 256GB,Apple,256,270.0,Maribor,13.08.2026
Samsung Galaxy S25 Ultra 512 GB - Titanium Whitesilver Rabljeno,Samsung,512,799.0,Laško,13.08.2026
Apple iPhone 17 Pro Max 256GB - Silver Rabljen,Apple,256,1149.5,Laško,13.08.2026
iPhone Xs Max 256GB Gold *bh: 100%,Apple,256,180.0,Ljubljana Šiška,13.08.2026
Samsung Galaxy S26 Ultra 256GB – Black Odprta Embalaža,Samsung,256,915.5,Laško,13.08.2026
Samsung Galaxy A27 5G 6/128GB – Black,Samsung,128,259.5,Laško,13.08.2026
Samsung Galaxy A17 5G 256GB – Black,Samsung,256,189.5,Laško,13.08.2026
SAMSUNG GALAXY Z FLIP 5G,Samsung,,400.0,Koper,13.08.2026
Honor Magic 8 Pro 12/512 GB – Black Rabljen,Honor,512,829.5,Laško,13.08.2026
